"Source:","C:\Users\dkarr\OneDrive\Documents\mark\LoRaDongle\LoRaDongle_iCE40_USB\LoRaDongle_iCE40.kicad_sch"
"Date:","2022/02/06 18:42:40"
"Tool:","Eeschema (6.0.1)"
"Generator:","C:\Program Files\KiCad\6.0\bin\scripting\plugins/bom_csv_grouped_by_value.py"
"Component Count:","132"

"Individual Components:"

"Item","Qty","Reference(s)","Value","LibPart","Footprint","Datasheet","Arrow Part Number","Arrow Price/Stock","Category","DK_Datasheet_Link","DK_Detail_Page","Description","Digi-Key_PN","Family","Height","MPN","Manufacturer","Manufacturer Part Number","Manufacturer_Name","Manufacturer_Part_Number","Mouser Part Number","Mouser Price/Stock","Package","Part Number","PartNumber","Physical size","Status","Type","category","device class L1","device class L2","device class L3","digikey description","digikey part number","height","interface","lead free","library id","manufacturer","max frequency","max supply voltage","min supply voltage","mouser part number","number of GPIO","package","part Number","rohs","standoff height","temperature range high","temperature range low"
"","","1V2","1.2V","Connector:TestPoint_Flag","TestPoint:TestPoint_Pad_D1.0mm","~","","","","","","Test Point","","","","","-","-","","","","","-","","","","","-","","","","","","","","","","","","","","","","","","","","","",""
"","","3V3","3.3V","Connector:TestPoint_Flag","TestPoint:TestPoint_Pad_D1.0mm","~","","","","","","Test Point","","","","","-","-","","","","","-","","","","","-","","","","","","","","","","","","","","","","","","","","","",""
"","","5V0","5V","Connector:TestPoint","TestPoint:TestPoint_Pad_D1.0mm","~","","","","","","Test Point","","","","","-","-","","","","","-","","","","","-","","","","","","","","","","","","","","","","","","","","","",""
"","","BUSY1","Radio_Busy","Connector:TestPoint_Small","TestPoint:TestPoint_Pad_D1.0mm","~","","","","","","Test Point","","","","","-","-","","","","","-","","","","","-","","","","","","","","","","","","","","","","","","","","","",""
"","","C1","0.1uF","Device:C","Capacitor_SMD:C_0402_1005Metric_Pad0.74x0.62mm_HandSolder","~","","","","","","CAP CER 0.1UF 16V X7R 0402","","","","","Murata Electronics","GCM155R71C104KA55J","","","","","0402","GCM155R71C104KA55J","","","","SMD","","","","","","","","","","","","","","","","","","","","","",""
"","","C2","10uF","Device:C","Capacitor_SMD:C_0603_1608Metric_Pad1.08x0.95mm_HandSolder","~","","","","","","CAP CER 10UF 6.3V X5R 0603","","","","","Murata Electronics","GRM188R60J106ME47D","","","","","0603","GRM188R61E106KA73J","","0603","","SMD","","","","","","","","","","","","","","","","","","","","","",""
"","","C3","22pF","Device:C","Capacitor_SMD:C_0402_1005Metric_Pad0.74x0.62mm_HandSolder","~","","","","","","CAP CER 22PF 50V C0G/NP0 0402","","","","","Murata Electronics","GRM1555C1H220FA01D","","","","","0402","GRM1555C1H220FA01D","","","","SMD","","","","","","","","","","","","","","","","","","","","","",""
"","","C4","10uF","Device:C","Capacitor_SMD:C_0603_1608Metric_Pad1.08x0.95mm_HandSolder","~","","","","","","CAP CER 10UF 6.3V X5R 0603","","","","","Murata Electronics","GRM188R60J106ME47D","","","","","0603","GRM188R61E106KA73J","","0603","","SMD","","","","","","","","","","","","","","","","","","","","","",""
"","","C5","22pF","Device:C","Capacitor_SMD:C_0402_1005Metric_Pad0.74x0.62mm_HandSolder","~","","","","","","CAP CER 22PF 50V C0G/NP0 0402","","","","","Murata Electronics","GRM1555C1H220FA01D","","","","","0402","GRM1555C1H220FA01D","","","","SMD","","","","","","","","","","","","","","","","","","","","","",""
"","","C6","10uF","Device:C","Capacitor_SMD:C_0603_1608Metric_Pad1.08x0.95mm_HandSolder","~","","","","","","CAP CER 10UF 6.3V X5R 0603","","","","","Murata Electronics","GRM188R60J106ME47D","","","","","0603","GRM188R61E106KA73J","","0603","","SMD","","","","","","","","","","","","","","","","","","","","","",""
"","","C7","4.7uF","Device:C","Capacitor_SMD:C_0402_1005Metric_Pad0.74x0.62mm_HandSolder","~","","","","","","CAP CER 4.7UF 6.3V X6S 0402","","","","","Murata Electronics","GRM155C80J475MEAAD","","","","","0402","GRM155C80J475MEAAD","","","","SMD","","","","","","","","","","","","","","","","","","","","","",""
"","","C8","0.1uF","Device:C","Capacitor_SMD:C_0402_1005Metric_Pad0.74x0.62mm_HandSolder","~","","","","","","CAP CER 0.1UF 16V X7R 0402","","","","","Murata Electronics","GCM155R71C104KA55J","","","","","0402","GCM155R71C104KA55J","","","","SMD","","","","","","","","","","","","","","","","","","","","","",""
"","","C9","0.1uF","Device:C","Capacitor_SMD:C_0402_1005Metric_Pad0.74x0.62mm_HandSolder","~","","","","","","CAP CER 0.1UF 16V X7R 0402","","","","","Murata Electronics","GCM155R71C104KA55J","","","","","0402","GCM155R71C104KA55J","","","","SMD","","","","","","","","","","","","","","","","","","","","","",""
"","","C10","10nF","Device:C","Capacitor_SMD:C_0402_1005Metric_Pad0.74x0.62mm_HandSolder","~","","","","","","CAP CER 10000PF 50V X7R 0402","","","","","Murata Electronics","GRM155R71H103KA88J","","","","","0402","GRM155R71H103KA88J","","","","SMD","","","","","","","","","","","","","","","","","","","","","",""
"","","C11","4.7uF","Device:C","Capacitor_SMD:C_0402_1005Metric_Pad0.74x0.62mm_HandSolder","~","","","","","","CAP CER 4.7UF 6.3V X6S 0402","","","","","Murata Electronics","GRM155C80J475MEAAD","","","","","0402","GRM155C80J475MEAAD","","","","SMD","","","","","","","","","","","","","","","","","","","","","",""
"","","C12","0.1uF","Device:C","Capacitor_SMD:C_0402_1005Metric_Pad0.74x0.62mm_HandSolder","~","","","","","","CAP CER 0.1UF 16V X7R 0402","","","","","Murata Electronics","GCM155R71C104KA55J","","","","","0402","GCM155R71C104KA55J","","","","SMD","","","","","","","","","","","","","","","","","","","","","",""
"","","C13","0.1uF","Device:C","Capacitor_SMD:C_0402_1005Metric_Pad0.74x0.62mm_HandSolder","~","","","","","","CAP CER 0.1UF 16V X7R 0402","","","","","Murata Electronics","GCM155R71C104KA55J","","","","","0402","GCM155R71C104KA55J","","","","SMD","","","","","","","","","","","","","","","","","","","","","",""
"","","C14","27pF","Device:C","Capacitor_SMD:C_0603_1608Metric_Pad1.08x0.95mm_HandSolder","~","","","","","","CAP CER 27PF 50V C0G/NP0 0603","","","","","Murata Electronics","GRM1885C1H270JA01D","","","","","0603","","","","","SMD","","","","","","","","","","","","","","","","","","","","","",""
"","","C15","27pF","Device:C","Capacitor_SMD:C_0603_1608Metric_Pad1.08x0.95mm_HandSolder","~","","","","","","CAP CER 27PF 50V C0G/NP0 0603","","","","","Murata Electronics","GRM1885C1H270JA01D","","","","","0603","","","","","SMD","","","","","","","","","","","","","","","","","","","","","",""
"","","C16","0.1uF","Device:C","Capacitor_SMD:C_0402_1005Metric_Pad0.74x0.62mm_HandSolder","~","","","","","","CAP CER 0.1UF 16V X7R 0402","","","","","Murata Electronics","GCM155R71C104KA55J","","","","","0402","GCM155R71C104KA55J","","","","SMD","","","","","","","","","","","","","","","","","","","","","",""
"","","C17","4.7uF","Device:C","Capacitor_SMD:C_0402_1005Metric_Pad0.74x0.62mm_HandSolder","~","","","","","","CAP CER 4.7UF 6.3V X6S 0402","","","","","Murata Electronics","GRM155C80J475MEAAD","","","","","0402","GRM155C80J475MEAAD","","","","SMD","","","","","","","","","","","","","","","","","","","","","",""
"","","C18","0.1uF","Device:C","Capacitor_SMD:C_0402_1005Metric_Pad0.74x0.62mm_HandSolder","~","","","","","","CAP CER 0.1UF 16V X7R 0402","","","","","Murata Electronics","GCM155R71C104KA55J","","","","","0402","GCM155R71C104KA55J","","","","SMD","","","","","","","","","","","","","","","","","","","","","",""
"","","C19","0.1uF","Device:C","Capacitor_SMD:C_0402_1005Metric_Pad0.74x0.62mm_HandSolder","~","","","","","","CAP CER 0.1UF 16V X7R 0402","","","","","Murata Electronics","GCM155R71C104KA55J","","","","","0402","GCM155R71C104KA55J","","","","SMD","","","","","","","","","","","","","","","","","","","","","",""
"","","C20","0.1uF","Device:C","Capacitor_SMD:C_0402_1005Metric_Pad0.74x0.62mm_HandSolder","~","","","","","","CAP CER 0.1UF 16V X7R 0402","","","","","Murata Electronics","GCM155R71C104KA55J","","","","","0402","GCM155R71C104KA55J","","","","SMD","","","","","","","","","","","","","","","","","","","","","",""
"","","C21","0.1uF","Device:C","Capacitor_SMD:C_0402_1005Metric_Pad0.74x0.62mm_HandSolder","~","","","","","","CAP CER 0.1UF 16V X7R 0402","","","","","Murata Electronics","GCM155R71C104KA55J","","","","","0402","GCM155R71C104KA55J","","","","SMD","","","","","","","","","","","","","","","","","","","","","",""
"","","C22","0.1uF","Device:C","Capacitor_SMD:C_0402_1005Metric_Pad0.74x0.62mm_HandSolder","~","","","","","","CAP CER 0.1UF 16V X7R 0402","","","","","Murata Electronics","GCM155R71C104KA55J","","","","","0402","GCM155R71C104KA55J","","","","SMD","","","","","","","","","","","","","","","","","","","","","",""
"","","C23","100nF","Device:C","Capacitor_SMD:C_0402_1005Metric_Pad0.74x0.62mm_HandSolder","~","","","","","","CAP CER 0.1UF 16V X7R 0402","","","","","Murata Electronics","GRM155R71C104KA88D","","","","","0402","GRM155R71C104KA88D","","","","SMD","","","","","","","","","","","","","","","","","","","","","",""
"","","C24","100nF","Device:C","Capacitor_SMD:C_0402_1005Metric_Pad0.74x0.62mm_HandSolder","~","","","","","","CAP CER 0.1UF 16V X7R 0402","","","","","Murata Electronics","GRM155R71C104KA88D","","","","","0402","GRM155R71C104KA88D","","","","SMD","","","","","","","","","","","","","","","","","","","","","",""
"","","C25","100nF","Device:C","Capacitor_SMD:C_0402_1005Metric_Pad0.74x0.62mm_HandSolder","~","","","","","","CAP CER 0.1UF 16V X7R 0402","","","","","Murata Electronics","GRM155R71C104KA88D","","","","","0402","GRM155R71C104KA88D","","","","SMD","","","","","","","","","","","","","","","","","","","","","",""
"","","C26","100nF","Device:C","Capacitor_SMD:C_0402_1005Metric_Pad0.74x0.62mm_HandSolder","~","","","","","","CAP CER 0.1UF 16V X7R 0402","","","","","Murata Electronics","GRM155R71C104KA88D","","","","","0402","GRM155R71C104KA88D","","","","SMD","","","","","","","","","","","","","","","","","","","","","",""
"","","C27","100nF","Device:C","Capacitor_SMD:C_0402_1005Metric_Pad0.74x0.62mm_HandSolder","~","","","","","","CAP CER 0.1UF 16V X7R 0402","","","","","Murata Electronics","GRM155R71C104KA88D","","","","","0402","GRM155R71C104KA88D","","","","SMD","","","","","","","","","","","","","","","","","","","","","",""
"","","C28","1uF","Device:C","Capacitor_SMD:C_0402_1005Metric_Pad0.74x0.62mm_HandSolder","~","","","","","","CAP CER 1UF 6.3V X7R 0402","","","","","Murata Electronics","GRM155R70J105MA12D","","","","","0402","GRM155R70J105MA12D","","","","SMD","","","","","","","","","","","","","","","","","","","","","",""
"","","C29","100nF","Device:C","Capacitor_SMD:C_0402_1005Metric_Pad0.74x0.62mm_HandSolder","~","","","","","","CAP CER 0.1UF 16V X7R 0402","","","","","Murata Electronics","GRM155R71C104KA88D","","","","","0402","GRM155R71C104KA88D","","","","SMD","","","","","","","","","","","","","","","","","","","","","",""
"","","C30","100nF","Device:C","Capacitor_SMD:C_0402_1005Metric_Pad0.74x0.62mm_HandSolder","~","","","","","","CAP CER 0.1UF 16V X7R 0402","","","","","Murata Electronics","GRM155R71C104KA88D","","","","","0402","GRM155R71C104KA88D","","","","SMD","","","","","","","","","","","","","","","","","","","","","",""
"","","C31","100nF","Device:C","Capacitor_SMD:C_0402_1005Metric_Pad0.74x0.62mm_HandSolder","~","","","","","","CAP CER 0.1UF 16V X7R 0402","","","","","Murata Electronics","GRM155R71C104KA88D","","","","","0402","GRM155R71C104KA88D","","","","SMD","","","","","","","","","","","","","","","","","","","","","",""
"","","C32","100nF","Device:C","Capacitor_SMD:C_0402_1005Metric_Pad0.74x0.62mm_HandSolder","~","","","","","","CAP CER 0.1UF 16V X7R 0402","","","","","Murata Electronics","GRM155R71C104KA88D","","","","","0402","GRM155R71C104KA88D","","","","SMD","","","","","","","","","","","","","","","","","","","","","",""
"","","C33","100nF","Device:C","Capacitor_SMD:C_0402_1005Metric_Pad0.74x0.62mm_HandSolder","~","","","","","","CAP CER 0.1UF 16V X7R 0402","","","","","Murata Electronics","GRM155R71C104KA88D","","","","","0402","GRM155R71C104KA88D","","","","SMD","","","","","","","","","","","","","","","","","","","","","",""
"","","C34","1uF","Device:C","Capacitor_SMD:C_0402_1005Metric_Pad0.74x0.62mm_HandSolder","~","","","","","","CAP CER 1UF 6.3V X7R 0402","","","","","Murata Electronics","GRM155R70J105MA12D","","","","","0402","GRM155R70J105MA12D","","","","SMD","","","","","","","","","","","","","","","","","","","","","",""
"","","C35","10nF","Device:C","Capacitor_SMD:C_0402_1005Metric_Pad0.74x0.62mm_HandSolder","~","","","","","","CAP CER 10000PF 50V X7R 0402","","","","","Murata Electronics","GRM155R71H103KA88J","","","","","0402","GRM155R71H103KA88J","","","","SMD","","","","","","","","","","","","","","","","","","","","","",""
"","","C36","1.8pF","Device:C","Capacitor_SMD:C_0402_1005Metric_Pad0.74x0.62mm_HandSolder","~","","","","","","CAP CER 1.8PF 50V C0G/NP0 0402","","","","","Murata Electronics","GRM1555C1H1R8WA01D","","","","","0402","","","","","SMD","","","","","","","","","","","","","","","","","","GRM1555C1H1R8WA01D","","","",""
"","","C37","1.8pF","Device:C","Capacitor_SMD:C_0402_1005Metric_Pad0.74x0.62mm_HandSolder","~","","","","","","CAP CER 1.8PF 50V C0G/NP0 0402","","","","","Murata Electronics","GRM1555C1H1R8WA01D","","","","","0402","","","","","SMD","","","","","","","","","","","","","","","","","","GRM1555C1H1R8WA01D","","","",""
"","","C38","1pF","Device:C","Capacitor_SMD:C_0402_1005Metric_Pad0.74x0.62mm_HandSolder","~","","","","","","CAP CER 1PF 50V C0G/NP0 0402","","","","","Murata Electronics","GRM1555C1H1R0BA01D","","","","","0402","","","","","SMD","","","","","","","","","","","","","","","","","","GRM1555C1H1R0BA01D","","","",""
"","","C39","470pF","Device:C","Capacitor_SMD:C_0402_1005Metric_Pad0.74x0.62mm_HandSolder","~","","","","","","CAP CER 470PF 50V C0G/NP0 0402","","","","","Murata Electronics","GRM1555C1H471JA01D","","","","","0402","GRM1555C1H471JA01D","","","","SMD","","","","","","","","","","","","","","","","","","","","","",""
"","","C40","470pF","Device:C","Capacitor_SMD:C_0402_1005Metric_Pad0.74x0.62mm_HandSolder","~","","","","","","CAP CER 470PF 50V C0G/NP0 0402","","","","","Murata Electronics","GRM1555C1H471JA01D","","","","","0402","GRM1555C1H471JA01D","","","","SMD","","","","","","","","","","","","","","","","","","","","","",""
"","","C41","33pF","Device:C","Capacitor_SMD:C_0402_1005Metric_Pad0.74x0.62mm_HandSolder","~","","","","","","CAP CER 33PF 50V C0G 0402","","","","","TDK Corporation","CGA2B2C0G1H330J050BA","","","","","0402","CGA2B2C0G1H330J050BA","","","","SMD","","","","","","","","","","","","","","","","","","","","","",""
"","","C42","470nF","Device:C","Capacitor_SMD:C_0402_1005Metric_Pad0.74x0.62mm_HandSolder","~","","","","","","CAP CER 0.47UF 10V X5R 0402","","","","","Murata Electronics","GRM155R61A474KE15D","","","","","0402","GRM155R61A474KE15D","","","","SMD","","","","","","","","","","","","","","","","","","","","","",""
"","","C43","33pF","Device:C","Capacitor_SMD:C_0402_1005Metric_Pad0.74x0.62mm_HandSolder","~","","","","","","CAP CER 33PF 50V C0G 0402","","","","","TDK Corporation","CGA2B2C0G1H330J050BA","","","","","0402","CGA2B2C0G1H330J050BA","","","","SMD","","","","","","","","","","","","","","","","","","","","","",""
"","","C44","470pF","Device:C","Capacitor_SMD:C_0402_1005Metric_Pad0.74x0.62mm_HandSolder","~","","","","","","CAP CER 470PF 50V C0G/NP0 0402","","","","","Murata Electronics","GRM1555C1H471JA01D","","","","","0402","GRM1555C1H471JA01D","","","","SMD","","","","","","","","","","","","","","","","","","","","","",""
"","","C45","47nF","Device:C","Capacitor_SMD:C_0402_1005Metric_Pad0.74x0.62mm_HandSolder","~","","","","","","CAP CER 0.047UF 16V X7R 0402","","","","","Murata Electronics","GRM155R71C473KA01J","","","","","0402","GRM155R71C473KA01J","","","","SMD","","","","","","","","","","","","","","","","","","","","","",""
"","","C46","47pF","Device:C","Capacitor_SMD:C_0402_1005Metric_Pad0.74x0.62mm_HandSolder","~","","","","","","CAP CER 47PF 50V C0G/NP0 0402","","","","","Murata Electronics","GRM1555C1H470JA01D","","","","","0402","GRM1555C1H470JA01D","","","","SMD","","","","","","","","","","","","","","","","","","","","","",""
"","","C47","22pF","Device:C","Capacitor_SMD:C_0402_1005Metric_Pad0.74x0.62mm_HandSolder","~","","","","","","CAP CER 22PF 50V C0G/NP0 0402","","","","","Murata Electronics","GRM1555C1H220FA01D","","","","","0402","GRM1555C1H220JA01D","","","","SMD","","","","","","","","","","","","","","","","","","","","","",""
"","","C48","3.3pF","Device:C","Capacitor_SMD:C_0402_1005Metric_Pad0.74x0.62mm_HandSolder","~","","","","","","CAP CER 3.3PF 50V C0G/NP0 0402","","","","","Murata Electronics","GJM1555C1H3R3DB01D","","","","","0402","GJM1555C1H3R3DB01D","","","","SMD","","","","","","","","","","","","","","","","","","","","","",""
"","","C49","3pF","Device:C","Capacitor_SMD:C_0402_1005Metric_Pad0.74x0.62mm_HandSolder","~","","","","","","CAP CER 3PF 50V C0G/NP0 0402","","","","","Murata Electronics","GRM1555C1H3R0BA01J","","","","","0402","GRM1555C1H3R0BA01J","","","","SMD","","","","","","","","","","","","","","","","","","","","","",""
"","","C50","3.3pF","Device:C","Capacitor_SMD:C_0402_1005Metric_Pad0.74x0.62mm_HandSolder","~","","","","","","CAP CER 3.3PF 50V C0G/NP0 0402","","","","","Murata Electronics","GJM1555C1H3R3DB01D","","","","","0402","GJM1555C1H3R3DB01D","","","","SMD","","","","","","","","","","","","","","","","","","","","","",""
"","","C51","6.8pF","Device:C","Capacitor_SMD:C_0402_1005Metric_Pad0.74x0.62mm_HandSolder","~","","","","","","CAP CER 6.8PF 50V C0G/NP0 0402","","","","","Murata Electronics","GRM1555C1H6R8BA01D","","","","","0402","GRM1555C1H6R8BA01D","","","","SMD","","","","","","","","","","","","","","","","","","","","","",""
"","","C52","12pF","Device:C","Capacitor_SMD:C_0402_1005Metric_Pad0.74x0.62mm_HandSolder","~","","","","","","CAP CER 12PF 50V C0G/NP0 0402","","","","","Murata Electronics","GRM1555C1H120JA01J","","","","","0402","GRM1555C1H120JA01J","","","","SMD","","","","","","","","","","","","","","","","","","","","","",""
"","","CDNE1","iCE_CDONE","Connector:TestPoint_Small","TestPoint:TestPoint_Pad_D1.0mm","~","","","","","","Test Point","","","","","-","-","","","","","-","","","","","-","","","","","","","","","","","","","","","","","","","","","",""
"","","CLK1","CLK","Connector:TestPoint_Small","TestPoint:TestPoint_Pad_D1.0mm","~","","","","","","","","","","","","","","","","","","","","","","","","","","","","","","","","","","","","","","","","","","","",""
"","","CRST1","iCE_CRESET","Connector:TestPoint_Small","TestPoint:TestPoint_Pad_D1.0mm","~","","","","","","Test Point","","","","","-","-","","","","","-","","","","","-","","","","","","","","","","","","","","","","","","","","","",""
"","","CS#1","CS#","Connector:TestPoint_Small","TestPoint:TestPoint_Pad_D1.0mm","~","","","","","","","","","","","","","","","","","","","","","","","","","","","","","","","","","","","","","","","","","","","",""
"","","CTL1","CTL1","Connector:TestPoint","TestPoint:TestPoint_Pad_D1.0mm","~","","","","","","Test Point","","","","","-","-","","","","","-","","","","","-","","","","","","","","","","","","","","","","","","","","","",""
"","","CTL2","CTL2","Connector:TestPoint","TestPoint:TestPoint_Pad_D1.0mm","~","","","","","","Test Point","","","","","-","-","","","","","-","","","","","-","","","","","","","","","","","","","","","","","","","","","",""
"","","D1","PWR","Device:LED","LED_SMD:LED_0805_2012Metric_Pad1.15x1.40mm_HandSolder","~","","","","","","LED RED CLEAR CHIP SMD","","","","","SunLED","XZM2CRK54WA-8","","","","","0805","","","","","","","","","","","","","","","","","","","","","","","","","","",""
"","","D2","Done","Device:LED","LED_SMD:LED_0603_1608Metric_Pad1.05x0.95mm_HandSolder","~","","","","","","LED GREEN CLEAR CHIP SMD","","","","","SunLED","XZVG53W-8","","","","","0603","","","","","","","","","","","","","","","","","","","","","","","","","","",""
"","","D3","TX","Device:LED","LED_SMD:LED_0603_1608Metric_Pad1.05x0.95mm_HandSolder","~","","","","","","LED GREEN CLEAR CHIP SMD","","","","","SunLED","XZVG53W-8","","","","","0603","","","","","","","","","","","","","","","","","","","","","","","","","","",""
"","","D4","RX","Device:LED","LED_SMD:LED_0603_1608Metric_Pad1.05x0.95mm_HandSolder","~","","","","","","LED GREEN CLEAR CHIP SMD","","","","","SunLED","XZVG53W-8","","","","","0603","","","","","","","","","","","","","","","","","","","","","","","","","","",""
"","","Data1","Data","Connector:TestPoint_Small","TestPoint:TestPoint_Pad_D1.0mm","~","","","","","","","","","","","","","","","","","","","","","","","","","","","","","","","","","","","","","","","","","","","",""
"","","DIO1","Radio_DIO1","Connector:TestPoint_Small","TestPoint:TestPoint_Pad_D1.0mm","~","","","","","","Test Point","","","","","-","-","","","","","-","","","","","-","","","","","","","","","","","","","","","","","","","","","",""
"","","FB1","600R/0.5A","dk_Ferrite-Beads-and-Chips:BLM18AG601SN1D","digikey-footprints:0603","https://www.murata.com/en-us/products/productdata/8796738650142/ENFA0003.pdf","","","Filters","https://www.murata.com/en-us/products/productdata/8796738650142/ENFA0003.pdf","/product-detail/en/murata-electronics-north-america/BLM18AG601SN1D/490-1014-1-ND/584462","FERRITE BEAD 600 OHM 0603 1LN","490-1014-1-ND","Ferrite Beads and Chips","","BLM18AG601SN1D","Murata Electronics North America","BLM18AG601SN1D","","","","","0603","","","","Active","SMD","","","","","","","","","","","","","","","","","","","","","",""
"","","FB2","600R/0.5A","dk_Ferrite-Beads-and-Chips:BLM18AG601SN1D","digikey-footprints:0603","https://www.murata.com/en-us/products/productdata/8796738650142/ENFA0003.pdf","","","Filters","https://www.murata.com/en-us/products/productdata/8796738650142/ENFA0003.pdf","/product-detail/en/murata-electronics-north-america/BLM18AG601SN1D/490-1014-1-ND/584462","FERRITE BEAD 600 OHM 0603 1LN","490-1014-1-ND","Ferrite Beads and Chips","","BLM18AG601SN1D","Murata Electronics North America","BLM18AG601SN1D","","","","","0603","","","","Active","SMD","","","","","","","","","","","","","","","","","","","","","",""
"","","FB3","600R/0.5A","dk_Ferrite-Beads-and-Chips:BLM18AG601SN1D","digikey-footprints:0603","https://www.murata.com/en-us/products/productdata/8796738650142/ENFA0003.pdf","","","Filters","https://www.murata.com/en-us/products/productdata/8796738650142/ENFA0003.pdf","/product-detail/en/murata-electronics-north-america/BLM18AG601SN1D/490-1014-1-ND/584462","FERRITE BEAD 600 OHM 0603 1LN","490-1014-1-ND","Ferrite Beads and Chips","","BLM18AG601SN1D","Murata Electronics North America","BLM18AG601SN1D","","","","","0603","","","","Active","SMD","","","","","","","","","","","","","","","","","","","","","",""
"","","GND1","GND","Connector:TestPoint","TestPoint:TestPoint_Pad_D1.0mm","~","","","","","","Test Point","","","","","-","-","","","","","-","","","","","-","","","","","","","","","","","","","","","","","","","","","",""
"","","GND2","GND","Connector:TestPoint_Flag","TestPoint:TestPoint_Pad_D1.0mm","~","","","","","","Test Point","","","","","-","-","","","","","-","","","","","-","","","","","","","","","","","","","","","","","","","","","",""
"","","IC1","93LC56BT-I_OT","93LC56BT-I_OT:93LC56BT-I_OT","93LC56B-I_OT_KiCad:SOT95P270X145-6N","http://ww1.microchip.com/downloads/en/DeviceDoc/21794G.pdf","93LC56BT-I/OT","https://www.arrow.com/en/products/93lc56bt-iot/microchip-technology","","","","2K,128 X 16,Serial EE,SOT23","","","1.45","","Microchip","93LC56BT-I/OT","Microchip","93LC56BT-I/OT","579-93LC56BT-I/OT","https://www.mouser.co.uk/ProductDetail/Microchip-Technology/93LC56BT-I-OT?qs=lQv0JY93vrc7B5Rh5LPW8g%3D%3D","SOT23-6","","","","","SMD","","","","","","","","","","","","","","","","","","","","","",""
"","","IC2","ICE40UP5K-UWG30ITR1K","ICE40UP5K-UWG30ITR1K:ICE40UP5K-UWG30ITR1K","ICE40UP5K-UWG30ITR1K_KiCad:BGA30C40P5X6_211X254X60","http://www.latticesemi.com/-/media/LatticeSemi/Documents/DataSheets/iCE/FPGA-DS-02008-1-6-iCE40-UltraPlus-Family-Data-Sheet.ashx?document_id=51968","ICE40UP5K-UWG30ITR1K","https://www.arrow.com/en/products/ice40up5k-uwg30itr1k/lattice-semiconductor?region=nac","","","","FPGA - Field Programmable Gate Array iCE40-UltraPlus, 5280 LUTs, 1.2V","","","0.6","","Lattice Semiconductor","ICE40UP5K-UWG30ITR1K","Lattice Semiconductor","ICE40UP5K-UWG30ITR1K","842-40UP5KUWG30ITR1K","https://www.mouser.co.uk/ProductDetail/Lattice/ICE40UP5K-UWG30ITR1K?qs=Rp3RbKSfAt0rwndd2oX17g%3D%3D","30-UFBGA, WLCSP","","","","","SMD","","","","","","","","","","","","","","","","","","","","","",""
"","","IC3","N25Q032A13ESC40F","N25Q032A13ESC40F:N25Q032A13ESC40F","N25Q032A13ESC40F:SOIC127P600X175-8N","https://media-www.micron.com/-/media/client/global/documents/products/data-sheet/nor-flash/serial-nor/n25q/n25q_32mb_3v_65nm.pdf?rev=27fc6016fc5249adb4bb8f221e72b395","","","","","","FLASH - NOR Memory IC 32Mb (8M x 4) SPI 108MHz  8-SO","","","1.75","","","","Alliance Memory","N25Q032A13ESC40F","913-N25Q032A13ESC40F","https://www.mouser.co.uk/ProductDetail/Alliance-Memory/N25Q032A13ESC40F?qs=W%2FMpXkg%252BdQ70%2FmLJsMq3Ww%3D%3D","","","","","","","","","","","","","","","","","","","","","","","","","","","",""
"","","iCE_SI1","iCE_SI","Connector:TestPoint","TestPoint:TestPoint_Pad_D1.0mm","~","","","","","","Test Point","","","","","-","-","","","","","-","","","","","-","","","","","","","","","","","","","","","","","","","","","",""
"","","iCE_SO1","iCE_SO","Connector:TestPoint","TestPoint:TestPoint_Pad_D1.0mm","~","","","","","","Test Point","","","","","-","-","","","","","-","","","","","-","","","","","","","","","","","","","","","","","","","","","",""
"","","J1","USB_A","Connector:USB_A","Connector_USB:USB_A_CNCTech_1001-011-01101_Horizontal"," ~","","","","","","USB A 2.0, R/A, SMT, PLUG","","","","","Adam Tech","USB-AP-S-RA-SMT","","","","","Plug","","","","","SMD - Through Hole","","","","","","","","","","","","","","","","","","","","","",""
"","","J2","Conn_01x08","Connector_Generic:Conn_01x08","Connector_PinHeader_2.54mm:PinHeader_2x04_P2.54mm_Vertical","~","","","","","","2x04 Male Header","","","","","-","-","","","","","-","","","","","Through Hole","","","","","","","","","","","","","","","","","","","","","",""
"","","J3","Conn_02x02_Top_Bottom","Connector_Generic:Conn_02x02_Top_Bottom","Connector_PinHeader_2.54mm:PinHeader_2x02_P2.54mm_Vertical","~","","","","","","2x02 Male Header","","","","","-","-","","","","","-","","","","","Through Hole","","","","","","","","","","","","","","","","","","","","","",""
"","","J4","Jumper","Device:Jumper_NC_Dual","Connector_PinHeader_2.54mm:PinHeader_1x03_P2.54mm_Vertical","","","","","","","1x03 Male Header","","","","","-","-","","","","","-","","","","","Through Hole","","","","","","","","","","","","","","","","","","","","","",""
"","","J5","142-0701-801","dk_Coaxial-Connectors-RF:142-0701-801","digikey-footprints:RF_SMA_BoardEdge_142-0701-801","http://www.belfuse.com/resources/Johnson/drawings/dr-1420701801.pdf","","","Connectors, Interconnects","http://www.belfuse.com/resources/Johnson/drawings/dr-1420701801.pdf","/product-detail/en/cinch-connectivity-solutions-johnson/142-0701-801/J502-ND/35280","CONN SMA JACK STR 50OHM EDGE MNT","J502-ND","Coaxial Connectors (RF)","","142-0701-801","Cinch Connectivity Solutions Johnson","142-0701-801","","","","","Edge Connector","","","","Active","SMD","","","","","","","","","","","","","","","","","","","","","",""
"","","J6","Conn_01x06","Connector_Generic:Conn_01x06","Connector_PinHeader_2.54mm:PinHeader_1x06_P2.54mm_Vertical","~","","","","","","1x06 Male Header","","","","","-","-","","","","","-","","","","","Through Hole","","","","","","","","","","","","","","","","","","","","","",""
"","","J7","Jumper_NC_Small","Device:Jumper_NC_Small","Connector_PinHeader_2.54mm:PinHeader_1x02_P2.54mm_Vertical","","","","","","","1x02 Male Header","","","","","-","-","","","","","-","","","","","Through Hole","","","","","","","","","","","","","","","","","","","","","",""
"","","J8","Jumper","Device:Jumper","Connector_PinHeader_2.54mm:PinHeader_1x02_P2.54mm_Vertical","","","","","","","1x02 Male Header","","","","","-","-","","","","","-","","","","","Through Hole","","","","","","","","","","","","","","","","","","","","","",""
"","","J9","Conn_02x02_Top_Bottom","Connector_Generic:Conn_02x02_Top_Bottom","Connector_PinHeader_2.54mm:PinHeader_2x02_P2.54mm_Vertical","~","","","","","","2x02 Male Header","","","","","-","-","","","","","-","","","","","Through Hole","","","","","","","","","","","","","","","","","","","","","",""
"","","J10","Jumper_2_Open","Jumper:Jumper_2_Open","Connector_PinHeader_2.54mm:PinHeader_1x02_P2.54mm_Vertical","~","","","","","","1x02 Male Header","","","","","-","-","","","","","-","","","","","Through Hole","","","","","","","","","","","","","","","","","","","","","",""
"","","L1","2.2uH","Device:L","Inductor_SMD:L_0603_1608Metric_Pad1.05x0.95mm_HandSolder","~","","","","","","FIXED IND 2.2UH 1.2A 292MOHM SMD","","","","","Taiyo Yuden","MCHK1608T2R2MKN","","","","","0603","MCHK1608T2R2MKN","","","","SMD","","","","","","","","","","","","","","","","","","","","","",""
"","","L2","2.2uH","Device:L","Inductor_SMD:L_0603_1608Metric_Pad1.05x0.95mm_HandSolder","~","","","","","","FIXED IND 2.2UH 1.2A 292MOHM SMD","","","","","Taiyo Yuden","MCHK1608T2R2MKN","","","","","0603","MCHK1608T2R2MKN","","","","SMD","","","","","","","","","","","","","","","","","","","","","",""
"","","L3","47nH","Device:L","Inductor_SMD:L_0402_1005Metric_Pad0.77x0.64mm_HandSolder","~","","","","","","FIXED IND 47NH 210MA 1.08OHM SMD","","","","","Murata Electronics","LQW15AN47NJ00D","","","","","0402","LQW15AN47NJ00D","LQW15AN47NJ00D","","","SMD","","","","","","","","","","","","","","","","","","","","","",""
"","","L4","18nH","Device:L","Inductor_SMD:L_0402_1005Metric_Pad0.77x0.64mm_HandSolder","~","","","","","","FIXED IND 18NH 370MA 270MOHM SMD","","","","","Murata Electronics","LQW15AN18NH00D","","","","","0402","","","","","SMD","","","","","","","","","","","","","","","","","","LQW15AN18NH00D","","","",""
"","","L5","15uH","VLS201610CX-150M-1:VLS201610CX-150M-1","KiCad_VLS201610CX-150M-1:VLS2016","https://product.tdk.com/system/files/dam/doc/product/inductor/inductor/smd/catalog/inductor_commercial_power_vls201610cx-1_en.pdf","","","","","","FIXED IND 15UH 540MA 1.258OHM SM","","","","","TDK","VLS201610CX-150M-1","TDK","VLS201610CX-150M-1","810-VLS201610CX150M1","https://www.mouser.co.uk/ProductDetail/TDK/VLS201610CX-150M-1?qs=1mbolxNpo8cDxpAAQe7QDA%3D%3D","2016","","","","","SMD","","","","","","","","","","","","","","","","","","","","","",""
"","","L6","47nH","Device:L","Inductor_SMD:L_0402_1005Metric_Pad0.77x0.64mm_HandSolder","~","","","","","","FIXED IND 47NH 210MA 1.08OHM SMD","","","","","Murata Electronics","LQW15AN47NJ00D","","","","","0402","LQW15AN47NJ00D","LQW15AN47NJ00D","","","SMD","","","","","","","","","","","","","","","","","","","","","",""
"","","L7","9.1nH","Device:L","Inductor_SMD:L_0402_1005Metric_Pad0.77x0.64mm_HandSolder","~","","","","","","FIXED IND 9.1NH 540MA 140MOHM SM","","","","","Murata Electronics","LQW15AN9N1H00D","","","","","0402","LQW15AN9N1H00D","","","","SMD","","","","","","","","","","","","","","","","","","","","","",""
"","","L8","2.7nH","Device:L","Inductor_SMD:L_0402_1005Metric_Pad0.77x0.64mm_HandSolder","~","","","","","","FIXED IND 2.7NH 850MA 50MOHM SMD","","","","","Murata Electronics","LQW15AN2N7C00D","","","","","","LQW15AN2N7C00D","","","","","","","","","","","","","","","","","","","","","","","","","",""
"","","L9","9.1nH","Device:L","Inductor_SMD:L_0402_1005Metric_Pad0.77x0.64mm_HandSolder","~","","","","","","FIXED IND 9.1NH 540MA 140MOHM SM","","","","","Murata Electronics","LQW15AN9N1H00D","","","","","0402","LQW15AN9N1H00D","","","","SMD","","","","","","","","","","","","","","","","","","","","","",""
"","","L_SS1","LoRa_!SS","Connector:TestPoint_Small","TestPoint:TestPoint_Pad_D1.0mm","~","","","","","","Test Point","","","","","-","-","","","","","-","","","","","-","","","","","","","","","","","","","","","","","","","","","",""
"","","MISO1","LoRA_MISO","Connector:TestPoint_Small","TestPoint:TestPoint_Pad_D1.0mm","~","","","","","","Test Point","","","","","-","-","","","","","-","","","","","-","","","","","","","","","","","","","","","","","","","","","",""
"","","MOSI1","LoRa_MOSI","Connector:TestPoint_Small","TestPoint:TestPoint_Pad_D1.0mm","~","","","","","","Test Point","","","","","-","-","","","","","-","","","","","-","","","","","","","","","","","","","","","","","","","","","",""
"","","R1","10R","Device:R","Resistor_SMD:R_0402_1005Metric_Pad0.72x0.64mm_HandSolder","~","","","","","","RES 10 OHM 1% 1/16W 0402","","","","","Stackpole Electronics Inc","RMCF0402FT10R0","","","","","0402","","","","","","","","","","","","","","","","","","","","","","","","","","",""
"","","R2","10R","Device:R","Resistor_SMD:R_0402_1005Metric_Pad0.72x0.64mm_HandSolder","~","","","","","","RES 10 OHM 1% 1/16W 0402","","","","","Stackpole Electronics Inc","RMCF0402FT10R0","","","","","0402","","","","","","","","","","","","","","","","","","","","","","","","","","",""
"","","R3","100R","Device:R","Resistor_SMD:R_0402_1005Metric_Pad0.72x0.64mm_HandSolder","~","","","","","","RES 100 OHM 1% 1/16W 0402","","","","","Stackpole Electronics Inc","RMCF0402FT100R","","","","","0402","","","","","","","","","","","","","","","","","","","","","","","","","","",""
"","","R4","453K","Device:R","Resistor_SMD:R_0402_1005Metric_Pad0.72x0.64mm_HandSolder","~","","","","","","RES 453K OHM 1% 1/16W 0402","","","","","Stackpole Electronics Inc","RMCF0402FT453K","","","","","0402","","","","","","","","","","","","","","","","","","","","","","","","","","",""
"","","R5","100K","Device:R","Resistor_SMD:R_0402_1005Metric_Pad0.72x0.64mm_HandSolder","~","","","","","","RES 100K OHM 5% 1/16W 0402","","","","","Stackpole Electronics Inc","RMCF0402JT100K","","","","","0402","","","","","","","","","","","","","","","","","","","","","","","","","","",""
"","","R6","100K","Device:R","Resistor_SMD:R_0402_1005Metric_Pad0.72x0.64mm_HandSolder","~","","","","","","RES 100K OHM 5% 1/16W 0402","","","","","Stackpole Electronics Inc","RMCF0402JT100K","","","","","0402","","","","","","","","","","","","","","","","","","","","","","","","","","",""
"","","R7","100K","Device:R","Resistor_SMD:R_0402_1005Metric_Pad0.72x0.64mm_HandSolder","~","","","","","","RES 100K OHM 5% 1/16W 0402","","","","","Stackpole Electronics Inc","RMCF0402JT100K","","","","","0402","","","","","","","","","","","","","","","","","","","","","","","","","","",""
"","","R8","10K","Device:R","Resistor_SMD:R_0402_1005Metric_Pad0.72x0.64mm_HandSolder","~","","","","","","RES 10K OHM 1% 1/16W 0402","","","","","Stackpole Electronics Inc","RMCF0402FT10K0","","","","","0402","","","","","","","","","","","","","","","","","","","","","","","","","","",""
"","","R9","2K","Device:R","Resistor_SMD:R_0402_1005Metric_Pad0.72x0.64mm_HandSolder","~","","","","","","RES 2K OHM 1% 1/16W 0402","","","","","Stackpole Electronics Inc","RMCF0402FT2K00","","","","","0402","","","","","","","","","","","","","","","","","","","","","","","","","","",""
"","","R10","10K","Device:R","Resistor_SMD:R_0402_1005Metric_Pad0.72x0.64mm_HandSolder","~","","","","","","RES 10K OHM 1% 1/16W 0402","","","","","Stackpole Electronics Inc","RMCF0402FT10K0","","","","","0402","","","","","","","","","","","","","","","","","","","","","","","","","","",""
"","","R11","12K","Device:R","Resistor_SMD:R_0402_1005Metric_Pad0.72x0.64mm_HandSolder","~","","","","","","RES 10K OHM 1% 1/16W 0402","","","","","Stackpole Electronics Inc","RMCF0402FT12K0","","","","","0402","","","","","","","","","","","","","","","","","","","","","","","","","","",""
"","","R12","4K7","Device:R","Resistor_SMD:R_0402_1005Metric_Pad0.72x0.64mm_HandSolder","~","","","","","","RES 10K OHM 1% 1/16W 0402","","","","","Stackpole Electronics Inc","RMCF0402JT4K70","","","","","0402","","","","","","","","","","","","","","","","","","","","","","","","","","",""
"","","R13","10K","Device:R","Resistor_SMD:R_0402_1005Metric_Pad0.72x0.64mm_HandSolder","~","","","","","","RES 10K OHM 1% 1/16W 0402","","","","","Stackpole Electronics Inc","RMCF0402FT10K0","","","","","0402","","","","","","","","","","","","","","","","","","","","","","","","","","",""
"","","R14","10K","Device:R","Resistor_SMD:R_0402_1005Metric_Pad0.72x0.64mm_HandSolder","~","","","","","","RES 10K OHM 1% 1/16W 0402","","","","","Stackpole Electronics Inc","RMCF0402FT10K0","","","","","0402","","","","","","","","","","","","","","","","","","","","","","","","","","",""
"","","R15","10K","Device:R","Resistor_SMD:R_0402_1005Metric_Pad0.72x0.64mm_HandSolder","~","","","","","","RES 10K OHM 1% 1/16W 0402","","","","","Stackpole Electronics Inc","RMCF0402FT10K0","","","","","0402","","","","","","","","","","","","","","","","","","","","","","","","","","",""
"","","R16","10K","Device:R","Resistor_SMD:R_0402_1005Metric_Pad0.72x0.64mm_HandSolder","~","","","","","","RES 10K OHM 1% 1/16W 0402","","","","","Stackpole Electronics Inc","RMCF0402FT10K0","","","","","0402","","","","","","","","","","","","","","","","","","","","","","","","","","",""
"","","R17","10K","Device:R","Resistor_SMD:R_0402_1005Metric_Pad0.72x0.64mm_HandSolder","~","","","","","","RES 10K OHM 1% 1/16W 0402","","","","","Stackpole Electronics Inc","RMCF0402FT10K0","","","","","0402","","","","","","","","","","","","","","","","","","","","","","","","","","",""
"","","R18","100R","Device:R","Resistor_SMD:R_0402_1005Metric_Pad0.72x0.64mm_HandSolder","~","","","","","","RES 100 OHM 1% 1/16W 0402","","","","","Stackpole Electronics Inc","RMCF0402FT100R","","","","","0402","","","","","","","","","","","","","","","","","","","","","","","","","","",""
"","","R19","100R","Device:R","Resistor_SMD:R_0402_1005Metric_Pad0.72x0.64mm_HandSolder","~","","","","","","RES 100 OHM 1% 1/16W 0402","","","","","Stackpole Electronics Inc","RMCF0402FT100R","","","","","0402","","","","","","","","","","","","","","","","","","","","","","","","","","",""
"","","R20","100R","Device:R","Resistor_SMD:R_0402_1005Metric_Pad0.72x0.64mm_HandSolder","~","","","","","","RES 100 OHM 1% 1/16W 0402","","","","","Stackpole Electronics Inc","RMCF0402FT100R","","","","","0402","","","","","","","","","","","","","","","","","","","","","","","","","","",""
"","","R21","100R","Device:R","Resistor_SMD:R_0402_1005Metric_Pad0.72x0.64mm_HandSolder","~","","","","","","RES 100 OHM 1% 1/16W 0402","","","","","Stackpole Electronics Inc","RMCF0402FT100R","","","","","0402","","","","","","","","","","","","","","","","","","","","","","","","","","",""
"","","RESET1","LoRA_~RESET","Connector:TestPoint_Small","TestPoint:TestPoint_Pad_D1.0mm","~","","","","","","Test Point","","","","","-","-","","","","","-","","","","","-","","","","","","","","","","","","","","","","","","","","","",""
"","","SCK1","LoRa_SCK","Connector:TestPoint_Small","TestPoint:TestPoint_Pad_D1.0mm","~","","","","","","Test Point","","","","","-","-","","","","","-","","","","","-","","","","","","","","","","","","","","","","","","","","","",""
"","","SS_B1","iCE_SS_B","Connector:TestPoint_Small","TestPoint:TestPoint_Pad_D1.0mm","~","","","","","","Test Point","","","","","-","-","","","","","-","","","","","-","","","","","","","","","","","","","","","","","","","","","",""
"","","SW1","SW_Push","Switch:SW_Push","Button_Switch_THT:SW_PUSH_6mm_H5mm","~","","","","","","Push Button Switch","","","","","","","","","","","","","","","","Through Hole","","","","","","","","","","","","","","","","","","","","","",""
"","","U1","RP550K001A-TR","LoRaDongle:RP550K0001A-TR","RP550K001A-TR_KiCad:SON50P270X300X60-13N","","","","","","","BUCK DC/DC CONVERTER DUAL OUTPUT","","","","","Nisshinbo Micro Devices Inc.","RP550K001A-TR","","","","","DFN(PLP)2730-12","","","","","SMD","","","","","","","","","","","","","","","","","","","","","",""
"","","U2","FT232H","Interface_USB:FT232H","Package_QFP:LQFP-48_7x7mm_P0.5mm","https://www.ftdichip.com/Support/Documents/DataSheets/ICs/DS_FT232H.pdf","","","","","","IC HS USB TO UART/FIFO 48LQFP","","","","","FTDI, Future Technology Devices International Ltd","FT232HL","","","","","LQFP-48","","","","","SMD","","","","","","","","","","","","","","","","","","","","","",""
"","","U3","SX1261IMLTRT","sx1261:SX1261IMLTRT","sx1261-footprint:Semtech-QFN24-0-0-0","https://www.semtech.com/uploads/documents/DS_SX1261-2_V1.1.pdf","","","","","","TXRX LORA SUB-GHZ 15DBM 24MLPQ","","","","","Semtech","SX1261IMLTRT","","","","","QFN24","","","","","SMD","IC","Integrated Circuits (ICs)","RF Semiconductors and Devices","Transceivers","TXRX LORA SUB-GHZ 15DBM 24MLPQ","SX1261IMLTRTCT-ND","1.08mm","SPI","yes","2ed10c4a432ac63b","Semtech","960MHz","3.7V","1.8V","947-SX1261IMLTRT","3","QFN24","","yes","0mm","+85°C","-40°C"
"","","U4","SKY13587-378LF","LoRaDongle:SKY13587-378LF","SW_SKYA21012:SW_SKYA21012","","","","","","","IC RF SWITCH SPDT 6GHZ 6MLPD","","","","","Skyworks Solutions Inc.","SKY13587-378LF","","","","","6-MLPD","","","","","SMD","","","","","","","","","","","","","","","","","","","","","",""
"","","X1","ECS-2520MV-500-BL-TR","Oscillator:ECS-2520MV-xxx-xx","Oscillator:Oscillator_SMD_ECS_2520MV-xxx-xx-4Pin_2.5x2.0mm","https://www.ecsxtal.com/store/pdf/ECS-2520MV.pdf","","","","","","XTAL OSC XO 50.0000MHZ CMOS SMD","","","","","ECS Inc.","ECS-2520MV-500-BL-TR","","","","","4 Pin Crystal","","","","","SMD","","","","","","","","","","","","","","","","","","","","","",""
"","","Y1","Crystal_GND24_Small","Device:Crystal_GND24_Small","Crystal:Crystal_SMD_3225-4Pin_3.2x2.5mm","~","","","","","","CRYSTAL 12.0000MHZ 18PF SMD","","","","","Abracon LLC","ABM8-12.000MHZ-B2-T","","","","","4 Pin Crystal","ABM8-12.000MHZ-B2-T","","","","SMD","","","","","","","","","","","","","","","","","","","","","",""
"","","Y2","Crystal_GND24","Device:Crystal_GND24","Crystal:Crystal_SMD_2520-4Pin_2.5x2.0mm","~","","","","","","CRYSTAL 32.0000MHZ 10PF SMD","","","","","ECS Inc.","ECS-320-10-36B-CKM-TR","","","","","4 Pin Crystal","ECS-320-10-36B-CKM-TR","","","","SMD","","","","","","","","","","","","","","","","","","","","","",""



"Collated Components:"

"Item","Qty","Reference(s)","Value","LibPart","Footprint","Datasheet","Arrow Part Number","Arrow Price/Stock","Category","DK_Datasheet_Link","DK_Detail_Page","Description","Digi-Key_PN","Family","Height","MPN","Manufacturer","Manufacturer Part Number","Manufacturer_Name","Manufacturer_Part_Number","Mouser Part Number","Mouser Price/Stock","Package","Part Number","PartNumber","Physical size","Status","Type","category","device class L1","device class L2","device class L3","digikey description","digikey part number","height","interface","lead free","library id","manufacturer","max frequency","max supply voltage","min supply voltage","mouser part number","number of GPIO","package","part Number","rohs","standoff height","temperature range high","temperature range low"
"1","1","1V2","1.2V","Connector:TestPoint_Flag","TestPoint:TestPoint_Pad_D1.0mm","~","","","","","","Test Point","","","","","-","-","","","","","-","","","","","-","","","","","","","","","","","","","","","","","","","","","",""
"2","1","3V3","3.3V","Connector:TestPoint_Flag","TestPoint:TestPoint_Pad_D1.0mm","~","","","","","","Test Point","","","","","-","-","","","","","-","","","","","-","","","","","","","","","","","","","","","","","","","","","",""
"3","1","5V0","5V","Connector:TestPoint","TestPoint:TestPoint_Pad_D1.0mm","~","","","","","","Test Point","","","","","-","-","","","","","-","","","","","-","","","","","","","","","","","","","","","","","","","","","",""
"4","1","BUSY1","Radio_Busy","Connector:TestPoint_Small","TestPoint:TestPoint_Pad_D1.0mm","~","","","","","","Test Point","","","","","-","-","","","","","-","","","","","-","","","","","","","","","","","","","","","","","","","","","",""
"5","11","C1, C8, C9, C12, C13, C16, C18, C19, C20, C21, C22","0.1uF","Device:C","Capacitor_SMD:C_0402_1005Metric_Pad0.74x0.62mm_HandSolder","~","","","","","","CAP CER 0.1UF 16V X7R 0402","","","","","Murata Electronics","GCM155R71C104KA55J","","","","","0402","GCM155R71C104KA55J","","","","SMD","","","","","","","","","","","","","","","","","","","","","",""
"6","3","C2, C4, C6","10uF","Device:C","Capacitor_SMD:C_0603_1608Metric_Pad1.08x0.95mm_HandSolder","~","","","","","","CAP CER 10UF 6.3V X5R 0603","","","","","Murata Electronics","GRM188R60J106ME47D","","","","","0603","GRM188R61E106KA73J","","0603","","SMD","","","","","","","","","","","","","","","","","","","","","",""
"7","3","C3, C5, C47","22pF","Device:C","Capacitor_SMD:C_0402_1005Metric_Pad0.74x0.62mm_HandSolder","~","","","","","","CAP CER 22PF 50V C0G/NP0 0402","","","","","Murata Electronics","GRM1555C1H220FA01D","","","","","0402","GRM1555C1H220FA01D","","","","SMD","","","","","","","","","","","","","","","","","","","","","",""
"8","3","C7, C11, C17","4.7uF","Device:C","Capacitor_SMD:C_0402_1005Metric_Pad0.74x0.62mm_HandSolder","~","","","","","","CAP CER 4.7UF 6.3V X6S 0402","","","","","Murata Electronics","GRM155C80J475MEAAD","","","","","0402","GRM155C80J475MEAAD","","","","SMD","","","","","","","","","","","","","","","","","","","","","",""
"9","2","C10, C35","10nF","Device:C","Capacitor_SMD:C_0402_1005Metric_Pad0.74x0.62mm_HandSolder","~","","","","","","CAP CER 10000PF 50V X7R 0402","","","","","Murata Electronics","GRM155R71H103KA88J","","","","","0402","GRM155R71H103KA88J","","","","SMD","","","","","","","","","","","","","","","","","","","","","",""
"10","2","C14, C15","27pF","Device:C","Capacitor_SMD:C_0603_1608Metric_Pad1.08x0.95mm_HandSolder","~","","","","","","CAP CER 27PF 50V C0G/NP0 0603","","","","","Murata Electronics","GRM1885C1H270JA01D","","","","","0603","","","","","SMD","","","","","","","","","","","","","","","","","","","","","",""
"11","10","C23, C24, C25, C26, C27, C29, C30, C31, C32, C33","100nF","Device:C","Capacitor_SMD:C_0402_1005Metric_Pad0.74x0.62mm_HandSolder","~","","","","","","CAP CER 0.1UF 16V X7R 0402","","","","","Murata Electronics","GRM155R71C104KA88D","","","","","0402","GRM155R71C104KA88D","","","","SMD","","","","","","","","","","","","","","","","","","","","","",""
"12","2","C28, C34","1uF","Device:C","Capacitor_SMD:C_0402_1005Metric_Pad0.74x0.62mm_HandSolder","~","","","","","","CAP CER 1UF 6.3V X7R 0402","","","","","Murata Electronics","GRM155R70J105MA12D","","","","","0402","GRM155R70J105MA12D","","","","SMD","","","","","","","","","","","","","","","","","","","","","",""
"13","2","C36, C37","1.8pF","Device:C","Capacitor_SMD:C_0402_1005Metric_Pad0.74x0.62mm_HandSolder","~","","","","","","CAP CER 1.8PF 50V C0G/NP0 0402","","","","","Murata Electronics","GRM1555C1H1R8WA01D","","","","","0402","","","","","SMD","","","","","","","","","","","","","","","","","","GRM1555C1H1R8WA01D","","","",""
"14","1","C38","1pF","Device:C","Capacitor_SMD:C_0402_1005Metric_Pad0.74x0.62mm_HandSolder","~","","","","","","CAP CER 1PF 50V C0G/NP0 0402","","","","","Murata Electronics","GRM1555C1H1R0BA01D","","","","","0402","","","","","SMD","","","","","","","","","","","","","","","","","","GRM1555C1H1R0BA01D","","","",""
"15","3","C39, C40, C44","470pF","Device:C","Capacitor_SMD:C_0402_1005Metric_Pad0.74x0.62mm_HandSolder","~","","","","","","CAP CER 470PF 50V C0G/NP0 0402","","","","","Murata Electronics","GRM1555C1H471JA01D","","","","","0402","GRM1555C1H471JA01D","","","","SMD","","","","","","","","","","","","","","","","","","","","","",""
"16","2","C41, C43","33pF","Device:C","Capacitor_SMD:C_0402_1005Metric_Pad0.74x0.62mm_HandSolder","~","","","","","","CAP CER 33PF 50V C0G 0402","","","","","TDK Corporation","CGA2B2C0G1H330J050BA","","","","","0402","CGA2B2C0G1H330J050BA","","","","SMD","","","","","","","","","","","","","","","","","","","","","",""
"17","1","C42","470nF","Device:C","Capacitor_SMD:C_0402_1005Metric_Pad0.74x0.62mm_HandSolder","~","","","","","","CAP CER 0.47UF 10V X5R 0402","","","","","Murata Electronics","GRM155R61A474KE15D","","","","","0402","GRM155R61A474KE15D","","","","SMD","","","","","","","","","","","","","","","","","","","","","",""
"18","1","C45","47nF","Device:C","Capacitor_SMD:C_0402_1005Metric_Pad0.74x0.62mm_HandSolder","~","","","","","","CAP CER 0.047UF 16V X7R 0402","","","","","Murata Electronics","GRM155R71C473KA01J","","","","","0402","GRM155R71C473KA01J","","","","SMD","","","","","","","","","","","","","","","","","","","","","",""
"19","1","C46","47pF","Device:C","Capacitor_SMD:C_0402_1005Metric_Pad0.74x0.62mm_HandSolder","~","","","","","","CAP CER 47PF 50V C0G/NP0 0402","","","","","Murata Electronics","GRM1555C1H470JA01D","","","","","0402","GRM1555C1H470JA01D","","","","SMD","","","","","","","","","","","","","","","","","","","","","",""
"20","2","C48, C50","3.3pF","Device:C","Capacitor_SMD:C_0402_1005Metric_Pad0.74x0.62mm_HandSolder","~","","","","","","CAP CER 3.3PF 50V C0G/NP0 0402","","","","","Murata Electronics","GJM1555C1H3R3DB01D","","","","","0402","GJM1555C1H3R3DB01D","","","","SMD","","","","","","","","","","","","","","","","","","","","","",""
"21","1","C49","3pF","Device:C","Capacitor_SMD:C_0402_1005Metric_Pad0.74x0.62mm_HandSolder","~","","","","","","CAP CER 3PF 50V C0G/NP0 0402","","","","","Murata Electronics","GRM1555C1H3R0BA01J","","","","","0402","GRM1555C1H3R0BA01J","","","","SMD","","","","","","","","","","","","","","","","","","","","","",""
"22","1","C51","6.8pF","Device:C","Capacitor_SMD:C_0402_1005Metric_Pad0.74x0.62mm_HandSolder","~","","","","","","CAP CER 6.8PF 50V C0G/NP0 0402","","","","","Murata Electronics","GRM1555C1H6R8BA01D","","","","","0402","GRM1555C1H6R8BA01D","","","","SMD","","","","","","","","","","","","","","","","","","","","","",""
"23","1","C52","12pF","Device:C","Capacitor_SMD:C_0402_1005Metric_Pad0.74x0.62mm_HandSolder","~","","","","","","CAP CER 12PF 50V C0G/NP0 0402","","","","","Murata Electronics","GRM1555C1H120JA01J","","","","","0402","GRM1555C1H120JA01J","","","","SMD","","","","","","","","","","","","","","","","","","","","","",""
"24","1","CDNE1","iCE_CDONE","Connector:TestPoint_Small","TestPoint:TestPoint_Pad_D1.0mm","~","","","","","","Test Point","","","","","-","-","","","","","-","","","","","-","","","","","","","","","","","","","","","","","","","","","",""
"25","1","CLK1","CLK","Connector:TestPoint_Small","TestPoint:TestPoint_Pad_D1.0mm","~","","","","","","","","","","","","","","","","","","","","","","","","","","","","","","","","","","","","","","","","","","","",""
"26","1","CRST1","iCE_CRESET","Connector:TestPoint_Small","TestPoint:TestPoint_Pad_D1.0mm","~","","","","","","Test Point","","","","","-","-","","","","","-","","","","","-","","","","","","","","","","","","","","","","","","","","","",""
"27","1","CS#1","CS#","Connector:TestPoint_Small","TestPoint:TestPoint_Pad_D1.0mm","~","","","","","","","","","","","","","","","","","","","","","","","","","","","","","","","","","","","","","","","","","","","",""
"28","1","CTL1","CTL1","Connector:TestPoint","TestPoint:TestPoint_Pad_D1.0mm","~","","","","","","Test Point","","","","","-","-","","","","","-","","","","","-","","","","","","","","","","","","","","","","","","","","","",""
"29","1","CTL2","CTL2","Connector:TestPoint","TestPoint:TestPoint_Pad_D1.0mm","~","","","","","","Test Point","","","","","-","-","","","","","-","","","","","-","","","","","","","","","","","","","","","","","","","","","",""
"30","1","D1","PWR","Device:LED","LED_SMD:LED_0805_2012Metric_Pad1.15x1.40mm_HandSolder","~","","","","","","LED RED CLEAR CHIP SMD","","","","","SunLED","XZM2CRK54WA-8","","","","","0805","","","","","","","","","","","","","","","","","","","","","","","","","","",""
"31","1","D2","Done","Device:LED","LED_SMD:LED_0603_1608Metric_Pad1.05x0.95mm_HandSolder","~","","","","","","LED GREEN CLEAR CHIP SMD","","","","","SunLED","XZVG53W-8","","","","","0603","","","","","","","","","","","","","","","","","","","","","","","","","","",""
"32","1","D3","TX","Device:LED","LED_SMD:LED_0603_1608Metric_Pad1.05x0.95mm_HandSolder","~","","","","","","LED GREEN CLEAR CHIP SMD","","","","","SunLED","XZVG53W-8","","","","","0603","","","","","","","","","","","","","","","","","","","","","","","","","","",""
"33","1","D4","RX","Device:LED","LED_SMD:LED_0603_1608Metric_Pad1.05x0.95mm_HandSolder","~","","","","","","LED GREEN CLEAR CHIP SMD","","","","","SunLED","XZVG53W-8","","","","","0603","","","","","","","","","","","","","","","","","","","","","","","","","","",""
"34","1","Data1","Data","Connector:TestPoint_Small","TestPoint:TestPoint_Pad_D1.0mm","~","","","","","","","","","","","","","","","","","","","","","","","","","","","","","","","","","","","","","","","","","","","",""
"35","1","DIO1","Radio_DIO1","Connector:TestPoint_Small","TestPoint:TestPoint_Pad_D1.0mm","~","","","","","","Test Point","","","","","-","-","","","","","-","","","","","-","","","","","","","","","","","","","","","","","","","","","",""
"36","3","FB1, FB2, FB3","600R/0.5A","dk_Ferrite-Beads-and-Chips:BLM18AG601SN1D","digikey-footprints:0603","https://www.murata.com/en-us/products/productdata/8796738650142/ENFA0003.pdf","","","Filters","https://www.murata.com/en-us/products/productdata/8796738650142/ENFA0003.pdf","/product-detail/en/murata-electronics-north-america/BLM18AG601SN1D/490-1014-1-ND/584462","FERRITE BEAD 600 OHM 0603 1LN","490-1014-1-ND","Ferrite Beads and Chips","","BLM18AG601SN1D","Murata Electronics North America","BLM18AG601SN1D","","","","","0603","","","","Active","SMD","","","","","","","","","","","","","","","","","","","","","",""
"37","1","GND1","GND","Connector:TestPoint","TestPoint:TestPoint_Pad_D1.0mm","~","","","","","","Test Point","","","","","-","-","","","","","-","","","","","-","","","","","","","","","","","","","","","","","","","","","",""
"38","1","GND2","GND","Connector:TestPoint_Flag","TestPoint:TestPoint_Pad_D1.0mm","~","","","","","","Test Point","","","","","-","-","","","","","-","","","","","-","","","","","","","","","","","","","","","","","","","","","",""
"39","1","IC1","93LC56BT-I_OT","93LC56BT-I_OT:93LC56BT-I_OT","93LC56B-I_OT_KiCad:SOT95P270X145-6N","http://ww1.microchip.com/downloads/en/DeviceDoc/21794G.pdf","93LC56BT-I/OT","https://www.arrow.com/en/products/93lc56bt-iot/microchip-technology","","","","2K,128 X 16,Serial EE,SOT23","","","1.45","","Microchip","93LC56BT-I/OT","Microchip","93LC56BT-I/OT","579-93LC56BT-I/OT","https://www.mouser.co.uk/ProductDetail/Microchip-Technology/93LC56BT-I-OT?qs=lQv0JY93vrc7B5Rh5LPW8g%3D%3D","SOT23-6","","","","","SMD","","","","","","","","","","","","","","","","","","","","","",""
"40","1","IC2","ICE40UP5K-UWG30ITR1K","ICE40UP5K-UWG30ITR1K:ICE40UP5K-UWG30ITR1K","ICE40UP5K-UWG30ITR1K_KiCad:BGA30C40P5X6_211X254X60","http://www.latticesemi.com/-/media/LatticeSemi/Documents/DataSheets/iCE/FPGA-DS-02008-1-6-iCE40-UltraPlus-Family-Data-Sheet.ashx?document_id=51968","ICE40UP5K-UWG30ITR1K","https://www.arrow.com/en/products/ice40up5k-uwg30itr1k/lattice-semiconductor?region=nac","","","","FPGA - Field Programmable Gate Array iCE40-UltraPlus, 5280 LUTs, 1.2V","","","0.6","","Lattice Semiconductor","ICE40UP5K-UWG30ITR1K","Lattice Semiconductor","ICE40UP5K-UWG30ITR1K","842-40UP5KUWG30ITR1K","https://www.mouser.co.uk/ProductDetail/Lattice/ICE40UP5K-UWG30ITR1K?qs=Rp3RbKSfAt0rwndd2oX17g%3D%3D","30-UFBGA, WLCSP","","","","","SMD","","","","","","","","","","","","","","","","","","","","","",""
"41","1","IC3","N25Q032A13ESC40F","N25Q032A13ESC40F:N25Q032A13ESC40F","N25Q032A13ESC40F:SOIC127P600X175-8N","https://media-www.micron.com/-/media/client/global/documents/products/data-sheet/nor-flash/serial-nor/n25q/n25q_32mb_3v_65nm.pdf?rev=27fc6016fc5249adb4bb8f221e72b395","","","","","","FLASH - NOR Memory IC 32Mb (8M x 4) SPI 108MHz  8-SO","","","1.75","","","","Alliance Memory","N25Q032A13ESC40F","913-N25Q032A13ESC40F","https://www.mouser.co.uk/ProductDetail/Alliance-Memory/N25Q032A13ESC40F?qs=W%2FMpXkg%252BdQ70%2FmLJsMq3Ww%3D%3D","","","","","","","","","","","","","","","","","","","","","","","","","","","",""
"42","1","iCE_SI1","iCE_SI","Connector:TestPoint","TestPoint:TestPoint_Pad_D1.0mm","~","","","","","","Test Point","","","","","-","-","","","","","-","","","","","-","","","","","","","","","","","","","","","","","","","","","",""
"43","1","iCE_SO1","iCE_SO","Connector:TestPoint","TestPoint:TestPoint_Pad_D1.0mm","~","","","","","","Test Point","","","","","-","-","","","","","-","","","","","-","","","","","","","","","","","","","","","","","","","","","",""
"44","1","J1","USB_A","Connector:USB_A","Connector_USB:USB_A_CNCTech_1001-011-01101_Horizontal"," ~","","","","","","USB A 2.0, R/A, SMT, PLUG","","","","","Adam Tech","USB-AP-S-RA-SMT","","","","","Plug","","","","","SMD - Through Hole","","","","","","","","","","","","","","","","","","","","","",""
"45","1","J2","Conn_01x08","Connector_Generic:Conn_01x08","Connector_PinHeader_2.54mm:PinHeader_2x04_P2.54mm_Vertical","~","","","","","","2x04 Male Header","","","","","-","-","","","","","-","","","","","Through Hole","","","","","","","","","","","","","","","","","","","","","",""
"46","2","J3, J9","Conn_02x02_Top_Bottom","Connector_Generic:Conn_02x02_Top_Bottom","Connector_PinHeader_2.54mm:PinHeader_2x02_P2.54mm_Vertical","~","","","","","","2x02 Male Header","","","","","-","-","","","","","-","","","","","Through Hole","","","","","","","","","","","","","","","","","","","","","",""
"47","1","J4","Jumper","Device:Jumper_NC_Dual","Connector_PinHeader_2.54mm:PinHeader_1x03_P2.54mm_Vertical","","","","","","","1x03 Male Header","","","","","-","-","","","","","-","","","","","Through Hole","","","","","","","","","","","","","","","","","","","","","",""
"48","1","J5","142-0701-801","dk_Coaxial-Connectors-RF:142-0701-801","digikey-footprints:RF_SMA_BoardEdge_142-0701-801","http://www.belfuse.com/resources/Johnson/drawings/dr-1420701801.pdf","","","Connectors, Interconnects","http://www.belfuse.com/resources/Johnson/drawings/dr-1420701801.pdf","/product-detail/en/cinch-connectivity-solutions-johnson/142-0701-801/J502-ND/35280","CONN SMA JACK STR 50OHM EDGE MNT","J502-ND","Coaxial Connectors (RF)","","142-0701-801","Cinch Connectivity Solutions Johnson","142-0701-801","","","","","Edge Connector","","","","Active","SMD","","","","","","","","","","","","","","","","","","","","","",""
"49","1","J6","Conn_01x06","Connector_Generic:Conn_01x06","Connector_PinHeader_2.54mm:PinHeader_1x06_P2.54mm_Vertical","~","","","","","","1x06 Male Header","","","","","-","-","","","","","-","","","","","Through Hole","","","","","","","","","","","","","","","","","","","","","",""
"50","1","J7","Jumper_NC_Small","Device:Jumper_NC_Small","Connector_PinHeader_2.54mm:PinHeader_1x02_P2.54mm_Vertical","","","","","","","1x02 Male Header","","","","","-","-","","","","","-","","","","","Through Hole","","","","","","","","","","","","","","","","","","","","","",""
"51","1","J8","Jumper","Device:Jumper","Connector_PinHeader_2.54mm:PinHeader_1x02_P2.54mm_Vertical","","","","","","","1x02 Male Header","","","","","-","-","","","","","-","","","","","Through Hole","","","","","","","","","","","","","","","","","","","","","",""
"52","1","J10","Jumper_2_Open","Jumper:Jumper_2_Open","Connector_PinHeader_2.54mm:PinHeader_1x02_P2.54mm_Vertical","~","","","","","","1x02 Male Header","","","","","-","-","","","","","-","","","","","Through Hole","","","","","","","","","","","","","","","","","","","","","",""
"53","2","L1, L2","2.2uH","Device:L","Inductor_SMD:L_0603_1608Metric_Pad1.05x0.95mm_HandSolder","~","","","","","","FIXED IND 2.2UH 1.2A 292MOHM SMD","","","","","Taiyo Yuden","MCHK1608T2R2MKN","","","","","0603","MCHK1608T2R2MKN","","","","SMD","","","","","","","","","","","","","","","","","","","","","",""
"54","2","L3, L6","47nH","Device:L","Inductor_SMD:L_0402_1005Metric_Pad0.77x0.64mm_HandSolder","~","","","","","","FIXED IND 47NH 210MA 1.08OHM SMD","","","","","Murata Electronics","LQW15AN47NJ00D","","","","","0402","LQW15AN47NJ00D","LQW15AN47NJ00D","","","SMD","","","","","","","","","","","","","","","","","","","","","",""
"55","1","L4","18nH","Device:L","Inductor_SMD:L_0402_1005Metric_Pad0.77x0.64mm_HandSolder","~","","","","","","FIXED IND 18NH 370MA 270MOHM SMD","","","","","Murata Electronics","LQW15AN18NH00D","","","","","0402","","","","","SMD","","","","","","","","","","","","","","","","","","LQW15AN18NH00D","","","",""
"56","1","L5","15uH","VLS201610CX-150M-1:VLS201610CX-150M-1","KiCad_VLS201610CX-150M-1:VLS2016","https://product.tdk.com/system/files/dam/doc/product/inductor/inductor/smd/catalog/inductor_commercial_power_vls201610cx-1_en.pdf","","","","","","FIXED IND 15UH 540MA 1.258OHM SM","","","","","TDK","VLS201610CX-150M-1","TDK","VLS201610CX-150M-1","810-VLS201610CX150M1","https://www.mouser.co.uk/ProductDetail/TDK/VLS201610CX-150M-1?qs=1mbolxNpo8cDxpAAQe7QDA%3D%3D","2016","","","","","SMD","","","","","","","","","","","","","","","","","","","","","",""
"57","2","L7, L9","9.1nH","Device:L","Inductor_SMD:L_0402_1005Metric_Pad0.77x0.64mm_HandSolder","~","","","","","","FIXED IND 9.1NH 540MA 140MOHM SM","","","","","Murata Electronics","LQW15AN9N1H00D","","","","","0402","LQW15AN9N1H00D","","","","SMD","","","","","","","","","","","","","","","","","","","","","",""
"58","1","L8","2.7nH","Device:L","Inductor_SMD:L_0402_1005Metric_Pad0.77x0.64mm_HandSolder","~","","","","","","FIXED IND 2.7NH 850MA 50MOHM SMD","","","","","Murata Electronics","LQW15AN2N7C00D","","","","","","LQW15AN2N7C00D","","","","","","","","","","","","","","","","","","","","","","","","","",""
"59","1","L_SS1","LoRa_!SS","Connector:TestPoint_Small","TestPoint:TestPoint_Pad_D1.0mm","~","","","","","","Test Point","","","","","-","-","","","","","-","","","","","-","","","","","","","","","","","","","","","","","","","","","",""
"60","1","MISO1","LoRA_MISO","Connector:TestPoint_Small","TestPoint:TestPoint_Pad_D1.0mm","~","","","","","","Test Point","","","","","-","-","","","","","-","","","","","-","","","","","","","","","","","","","","","","","","","","","",""
"61","1","MOSI1","LoRa_MOSI","Connector:TestPoint_Small","TestPoint:TestPoint_Pad_D1.0mm","~","","","","","","Test Point","","","","","-","-","","","","","-","","","","","-","","","","","","","","","","","","","","","","","","","","","",""
"62","2","R1, R2","10R","Device:R","Resistor_SMD:R_0402_1005Metric_Pad0.72x0.64mm_HandSolder","~","","","","","","RES 10 OHM 1% 1/16W 0402","","","","","Stackpole Electronics Inc","RMCF0402FT10R0","","","","","0402","","","","","","","","","","","","","","","","","","","","","","","","","","",""
"63","5","R3, R18, R19, R20, R21","100R","Device:R","Resistor_SMD:R_0402_1005Metric_Pad0.72x0.64mm_HandSolder","~","","","","","","RES 100 OHM 1% 1/16W 0402","","","","","Stackpole Electronics Inc","RMCF0402FT100R","","","","","0402","","","","","","","","","","","","","","","","","","","","","","","","","","",""
"64","1","R4","453K","Device:R","Resistor_SMD:R_0402_1005Metric_Pad0.72x0.64mm_HandSolder","~","","","","","","RES 453K OHM 1% 1/16W 0402","","","","","Stackpole Electronics Inc","RMCF0402FT453K","","","","","0402","","","","","","","","","","","","","","","","","","","","","","","","","","",""
"65","3","R5, R6, R7","100K","Device:R","Resistor_SMD:R_0402_1005Metric_Pad0.72x0.64mm_HandSolder","~","","","","","","RES 100K OHM 5% 1/16W 0402","","","","","Stackpole Electronics Inc","RMCF0402JT100K","","","","","0402","","","","","","","","","","","","","","","","","","","","","","","","","","",""
"66","7","R8, R10, R13, R14, R15, R16, R17","10K","Device:R","Resistor_SMD:R_0402_1005Metric_Pad0.72x0.64mm_HandSolder","~","","","","","","RES 10K OHM 1% 1/16W 0402","","","","","Stackpole Electronics Inc","RMCF0402FT10K0","","","","","0402","","","","","","","","","","","","","","","","","","","","","","","","","","",""
"67","1","R9","2K","Device:R","Resistor_SMD:R_0402_1005Metric_Pad0.72x0.64mm_HandSolder","~","","","","","","RES 2K OHM 1% 1/16W 0402","","","","","Stackpole Electronics Inc","RMCF0402FT2K00","","","","","0402","","","","","","","","","","","","","","","","","","","","","","","","","","",""
"68","1","R11","12K","Device:R","Resistor_SMD:R_0402_1005Metric_Pad0.72x0.64mm_HandSolder","~","","","","","","RES 10K OHM 1% 1/16W 0402","","","","","Stackpole Electronics Inc","RMCF0402FT12K0","","","","","0402","","","","","","","","","","","","","","","","","","","","","","","","","","",""
"69","1","R12","4K7","Device:R","Resistor_SMD:R_0402_1005Metric_Pad0.72x0.64mm_HandSolder","~","","","","","","RES 10K OHM 1% 1/16W 0402","","","","","Stackpole Electronics Inc","RMCF0402JT4K70","","","","","0402","","","","","","","","","","","","","","","","","","","","","","","","","","",""
"70","1","RESET1","LoRA_~RESET","Connector:TestPoint_Small","TestPoint:TestPoint_Pad_D1.0mm","~","","","","","","Test Point","","","","","-","-","","","","","-","","","","","-","","","","","","","","","","","","","","","","","","","","","",""
"71","1","SCK1","LoRa_SCK","Connector:TestPoint_Small","TestPoint:TestPoint_Pad_D1.0mm","~","","","","","","Test Point","","","","","-","-","","","","","-","","","","","-","","","","","","","","","","","","","","","","","","","","","",""
"72","1","SS_B1","iCE_SS_B","Connector:TestPoint_Small","TestPoint:TestPoint_Pad_D1.0mm","~","","","","","","Test Point","","","","","-","-","","","","","-","","","","","-","","","","","","","","","","","","","","","","","","","","","",""
"73","1","SW1","SW_Push","Switch:SW_Push","Button_Switch_THT:SW_PUSH_6mm_H5mm","~","","","","","","Push Button Switch","","","","","","","","","","","","","","","","Through Hole","","","","","","","","","","","","","","","","","","","","","",""
"74","1","U1","RP550K001A-TR","LoRaDongle:RP550K0001A-TR","RP550K001A-TR_KiCad:SON50P270X300X60-13N","","","","","","","BUCK DC/DC CONVERTER DUAL OUTPUT","","","","","Nisshinbo Micro Devices Inc.","RP550K001A-TR","","","","","DFN(PLP)2730-12","","","","","SMD","","","","","","","","","","","","","","","","","","","","","",""
"75","1","U2","FT232H","Interface_USB:FT232H","Package_QFP:LQFP-48_7x7mm_P0.5mm","https://www.ftdichip.com/Support/Documents/DataSheets/ICs/DS_FT232H.pdf","","","","","","IC HS USB TO UART/FIFO 48LQFP","","","","","FTDI, Future Technology Devices International Ltd","FT232HL","","","","","LQFP-48","","","","","SMD","","","","","","","","","","","","","","","","","","","","","",""
"76","1","U3","SX1261IMLTRT","sx1261:SX1261IMLTRT","sx1261-footprint:Semtech-QFN24-0-0-0","https://www.semtech.com/uploads/documents/DS_SX1261-2_V1.1.pdf","","","","","","TXRX LORA SUB-GHZ 15DBM 24MLPQ","","","","","Semtech","SX1261IMLTRT","","","","","QFN24","","","","","SMD","IC","Integrated Circuits (ICs)","RF Semiconductors and Devices","Transceivers","TXRX LORA SUB-GHZ 15DBM 24MLPQ","SX1261IMLTRTCT-ND","1.08mm","SPI","yes","2ed10c4a432ac63b","Semtech","960MHz","3.7V","1.8V","947-SX1261IMLTRT","3","QFN24","","yes","0mm","+85°C","-40°C"
"77","1","U4","SKY13587-378LF","LoRaDongle:SKY13587-378LF","SW_SKYA21012:SW_SKYA21012","","","","","","","IC RF SWITCH SPDT 6GHZ 6MLPD","","","","","Skyworks Solutions Inc.","SKY13587-378LF","","","","","6-MLPD","","","","","SMD","","","","","","","","","","","","","","","","","","","","","",""
"78","1","X1","ECS-2520MV-500-BL-TR","Oscillator:ECS-2520MV-xxx-xx","Oscillator:Oscillator_SMD_ECS_2520MV-xxx-xx-4Pin_2.5x2.0mm","https://www.ecsxtal.com/store/pdf/ECS-2520MV.pdf","","","","","","XTAL OSC XO 50.0000MHZ CMOS SMD","","","","","ECS Inc.","ECS-2520MV-500-BL-TR","","","","","4 Pin Crystal","","","","","SMD","","","","","","","","","","","","","","","","","","","","","",""
"79","1","Y1","Crystal_GND24_Small","Device:Crystal_GND24_Small","Crystal:Crystal_SMD_3225-4Pin_3.2x2.5mm","~","","","","","","CRYSTAL 12.0000MHZ 18PF SMD","","","","","Abracon LLC","ABM8-12.000MHZ-B2-T","","","","","4 Pin Crystal","ABM8-12.000MHZ-B2-T","","","","SMD","","","","","","","","","","","","","","","","","","","","","",""
"80","1","Y2","Crystal_GND24","Device:Crystal_GND24","Crystal:Crystal_SMD_2520-4Pin_2.5x2.0mm","~","","","","","","CRYSTAL 32.0000MHZ 10PF SMD","","","","","ECS Inc.","ECS-320-10-36B-CKM-TR","","","","","4 Pin Crystal","ECS-320-10-36B-CKM-TR","","","","SMD","","","","","","","","","","","","","","","","","","","","","",""
